
-- PESSOA/MORADOR --
INSERT INTO universidade.pessoa VALUES ('08752389864', 'ADICINEIA', 'APARECIDA', '1970/12/18', '2019/06/03', NULL, '{"999865670", "993737353"}');
INSERT INTO universidade.morador VALUES ('08752389864', '1', '2', '{"adicineia@ufs.br"}');
INSERT INTO universidade.pessoa VALUES ('88645423127', 'ANDRE', 'BRITTO', '1980/10/22', '2019/02/05', NULL, '{"954646448"}');
INSERT INTO universidade.morador VALUES ('88645423127', '4', '32', '{"andre@ufs.br"}');
INSERT INTO universidade.pessoa VALUES ('41274342342', 'BRENO', 'PIVA', '1985/02/11', '2019/01/01', NULL, '{"956263453"}');
INSERT INTO universidade.morador VALUES ('41274342342', '2', '17', '{"brenopiva@dcomp.ufs.br"}');
INSERT INTO universidade.pessoa VALUES ('34125848645', 'EDWARD', 'DAVID', '1981/03/08', '2019/05/22', NULL, '{"974351414"}');
INSERT INTO universidade.morador VALUES ('34125848645', '2', '11', '{"edwdavid@gmail.com"}');
INSERT INTO universidade.pessoa VALUES ('31355478099', 'GILTON', 'MAL', '1989/12/01', '2019/01/11', NULL, '{"974563638", "994524356"}');
INSERT INTO universidade.morador VALUES ('31355478099', '4', '10', '{"gilton@dcomp.ufs.br"}');
INSERT INTO universidade.pessoa VALUES ('98023402758', 'RICARDO', 'SALGUEIRO', '1977/01/05', '2019/06/06', NULL, '{"996342542"}');
INSERT INTO universidade.morador VALUES ('98023402758', '4', '9', '{"salgueiro@ufs.br"}');
INSERT INTO universidade.pessoa VALUES ('72159418933', 'ROGERIO', 'NASCIMENTO', '1978/05/20', '2019/02/12', NULL, '{"9996584477"}');
INSERT INTO universidade.morador VALUES ('72159418933', '1', '5', '{"rogerio@ufs.br"}');
INSERT INTO universidade.pessoa VALUES ('78930850875', 'ALBERTO', 'NETO', '1971/02/04', '2019/04/11', NULL, '{"999365685"}');
INSERT INTO universidade.morador VALUES ('78930850875', '3', '4', '{"alberto@ufs.br"}');
INSERT INTO universidade.pessoa VALUES ('04859237846', 'ADMILSON', 'RIBEIRO', '1970/10/30', '2019/03/01', NULL, '{"994307873"}');
INSERT INTO universidade.morador VALUES ('04859237846', '2', '15', '{"admilson@ufs.br"}');
INSERT INTO universidade.pessoa VALUES ('59764138291', 'ANTONIO', 'MONTEIRO', '1984/01/05', '2019/02/10', NULL, '{"998713460"}');
INSERT INTO universidade.morador VALUES ('59764138291', '1', '20', '{"monteiro@ufs.br"}');
INSERT INTO universidade.pessoa VALUES ('34154515861', 'BEATRIZ', 'TRINCHAO', '1987/01/01', '2019/04/10', NULL, '{"993278265"}');
INSERT INTO universidade.morador VALUES ('34154515861', '1', '1', '{"beatriz@dcomp.ufs.br"}');
INSERT INTO universidade.pessoa VALUES ('25148479156', 'BRUNO', 'PRADO', '1969/08/25', '2019/04/01', NULL, '{"996471661"}');
INSERT INTO universidade.morador VALUES ('25148479156', '3', '11', '{"bruno.prado@ufs.br"}');
INSERT INTO universidade.pessoa VALUES ('16548748616', 'CLEBESON', 'CANUTO', '1974/07/11', '2019/10/07', NULL, '{"992163215"}');
INSERT INTO universidade.morador VALUES ('16548748616', '4', '18', '{"clebeson_ufs@hotmail.com"}');
INSERT INTO universidade.pessoa VALUES ('18974135138', 'DANIEL', 'DANTAS', '1983/07/26', '2019/07/09', NULL, '{"995387878"}');
INSERT INTO universidade.morador VALUES ('18974135138', '2', '35', '{"ddantas@ufs.br"}');
INSERT INTO universidade.pessoa VALUES ('28415648663', 'DEBORA', 'NASCIMENTO', '1975/02/17', '2019/01/07', NULL, '{"991000563"}');
INSERT INTO universidade.morador VALUES ('28415648663', '1', '4', '{"dmcnascimento@ufs.br"}');
INSERT INTO universidade.pessoa VALUES ('16479118863', 'EDILAYNE', 'SALGUEIRO', '1980/10/15', '2019/02/01', NULL, '{"996464161"}');
INSERT INTO universidade.morador VALUES ('16479118863', '4', '29', '{"edilayne@ufs.br"}');
INSERT INTO universidade.pessoa VALUES ('87318964415', 'EDUARDO', 'FREIRE', '1971/11/24', '2019/09/21', NULL, '{"990684301"}');
INSERT INTO universidade.morador VALUES ('87318964415', '1', '16', '{"efreire@ufs.br"}');
INSERT INTO universidade.pessoa VALUES ('32265462632', 'FELIPE', 'MENEZES', '1986/03/22', '2019/10/02', NULL, '{"991286684"}');
INSERT INTO universidade.morador VALUES ('32265462632', '3', '34', '{"felipe.computacao@gmail.com"}');
INSERT INTO universidade.pessoa VALUES ('55641847561', 'GABRIEL', 'ARAUJO', '1968/04/10', '2019/04/15', NULL, '{"991264531"}');
INSERT INTO universidade.morador VALUES ('55641847561', '2', '28', '{"garaujo@dcomp.ufs.br"}');
INSERT INTO universidade.pessoa VALUES ('35148451984', 'GIOVANNY', 'LUCERO', '1975/12/04', '2019/05/23', NULL, '{"991641365"}');
INSERT INTO universidade.morador VALUES ('35148451984', '4', '8', '{"giovanny@ufs.br"}');
INSERT INTO universidade.pessoa VALUES ('76078413518', 'HENDRIK', 'TEIXEIRA', '1983/06/18', '2019/07/20', NULL, '{"992164531"}');
INSERT INTO universidade.morador VALUES ('76078413518', '1', '14', '{"hendrik@ufs.br"}');
INSERT INTO universidade.pessoa VALUES ('95189489743', 'JANIO', 'COUTINHO', '1976/07/15', '2019/08/08', NULL, '{"993545743"}');
INSERT INTO universidade.morador VALUES ('95189489743', '3', '37', '{"janio@dcomp.ufs.br"}');
INSERT INTO universidade.pessoa VALUES ('15681981313', 'JOSÉ', 'MELO', '1965/01/14', '2019/11/04', NULL, '{"991256111"}');
INSERT INTO universidade.morador VALUES ('15681981313', '2', '37', '{"JOHEN65@GMAIL.COM"}');
INSERT INTO universidade.pessoa VALUES ('19842318186', 'JUGURTA', 'MONTALVAO', '1988/04/28', '2019/12/01', NULL, '{"994187864"}');
INSERT INTO universidade.morador VALUES ('19842318186', '4', '30', '{"jugurta.montalvao@gmail.com"}');
INSERT INTO universidade.pessoa VALUES ('31318481788', 'JULI', 'KELLE', '1975/02/05', '2019/10/06', NULL, '{"994878714"}');
INSERT INTO universidade.morador VALUES ('31318481788', '1', '7', '{"julikelle@hotmail.com"}');
INSERT INTO universidade.pessoa VALUES ('98761351353', 'KALIL', 'BISPO', '1982/06/27', '2019/07/01', NULL, '{"996547514"}');
INSERT INTO universidade.morador VALUES ('98761351353', '2', '23', '{"kalil@dcomp.ufs.br"}');
INSERT INTO universidade.pessoa VALUES ('00613899616', 'KENIA', 'KODEL', '1964/10/16', '2019/04/14', NULL, '{"991641654"}');
INSERT INTO universidade.morador VALUES ('00613899616', '4', '15', '{"kenia@dcomp.ufs.br"}');
INSERT INTO universidade.pessoa VALUES ('16846311355', 'LEILA', 'MACIEL', '1967/09/08', '2019/05/17', NULL, '{"991648991"}');
INSERT INTO universidade.morador VALUES ('16846311355', '4', '24', '{"leila@ufs.br"}');
INSERT INTO universidade.pessoa VALUES ('89456145318', 'LUIZ', 'BRUNELLI', '1974/05/02', '2019/09/20', NULL, '{"997835844"}');
INSERT INTO universidade.morador VALUES ('89456145318', '1', '9', '{"lubru@ufs.br"}');
INSERT INTO universidade.pessoa VALUES ('64943156656', 'MARIA', 'AUGUSTA', '1960/12/25', '2019/06/27', NULL, '{"998787713"}');
INSERT INTO universidade.morador VALUES ('64943156656', '3', '38', '{"gutanunes@gmail.com"}');
INSERT INTO universidade.pessoa VALUES ('75418746165', 'METHANIAS', 'COLACO', '1969/03/06', '2019/03/18', NULL, '{"995641514"}');
INSERT INTO universidade.morador VALUES ('75418746165', '2', '22', '{"mjrse@hotmail.com"}');
INSERT INTO universidade.pessoa VALUES ('34789165418', 'MICHEL', 'SOARES', '1964/03/07', '2019/11/11', NULL, '{"993678743"}');
INSERT INTO universidade.morador VALUES ('34789165418', '4', '17', '{"michel@dcomp.ufs.br"}');
INSERT INTO universidade.pessoa VALUES ('65489414387', 'QUELITA', 'DINIZ', '1983/08/07', '2019/12/27', NULL, '{"997867413"}');
INSERT INTO universidade.morador VALUES ('65489414387', '2', '30', '{"quelita.diniz@gmail.com"}');
INSERT INTO universidade.pessoa VALUES ('13489465389', 'RENE', 'GUSMAO', '1968/08/20', '2019/12/22', NULL, '{"997461133"}');
INSERT INTO universidade.morador VALUES ('13489465389', '1', '3', '{"rene@dcomp.ufs.br"}');
INSERT INTO universidade.pessoa VALUES ('24941351484', 'SANDY', 'PORTO', '1979/11/08', '2019/10/09', NULL, '{"997351103"}');
INSERT INTO universidade.morador VALUES ('24941351484', '4', '20', '{"sandyporto@gmail.com"}');
INSERT INTO universidade.pessoa VALUES ('54564235971', 'WAGNER', 'SILVA', '1984/12/24', '2019/08/01', NULL, '{"998765313"}');
INSERT INTO universidade.morador VALUES ('54564235971', '3', '16', '{"silvaw.br@gmail.com"}');
INSERT INTO universidade.pessoa VALUES ('23795601876', 'WESLLEY', 'SACRAMENTO', '1978/05/04', '2019/07/05', NULL, '{"991435311"}');
INSERT INTO universidade.morador VALUES ('23795601876', '4', '2', '{"weslleyjss001@gmail.com"}');

-- PESSOA/FUNCIONARIO --
INSERT INTO universidade.pessoa VALUES ('08432556744', 'CARLOS', 'ESTOMBELO', '1975/06/05', '2019/05/22', NULL, '{"996474563", "123456789"}');
INSERT INTO universidade.funcionario VALUES ('08432556744', 'PORTEIRO', '1950.90', '49100000', 'EDUARDO GOMES', 'RUA F', '23');
INSERT INTO universidade.pessoa VALUES ('31924757012', 'TARCISIO', 'ROCHA', '1973/11/26', '2019/04/08', NULL, '{"967464747", "943456334"}');
INSERT INTO universidade.funcionario VALUES ('31924757012', 'PORTEIRO', '1010.40', '49100000', 'ROSA ELZE', 'RUA E', '534');
INSERT INTO universidade.pessoa VALUES ('76755312114', 'HENRIQUE', 'SCHNEIDER', '1950/07/04', '2019/03/04', NULL, '{"954327960"}');
INSERT INTO universidade.funcionario VALUES ('76755312114', 'ZELADOR', '400.00', '49100000', 'EDUARDO GOMES', 'RUA O', '123');
INSERT INTO universidade.pessoa VALUES ('07856754332', 'LEONARDO', 'NOGUEIRA', '1976/04/27', '2019/01/19', NULL, '{"9968447474"}');
INSERT INTO universidade.funcionario VALUES ('07856754332', 'ZELADOR', '3257.99', '49100000', 'ROSA ELZE', 'RUA A', '567');
INSERT INTO universidade.pessoa VALUES ('59869847653', 'MARCO', 'CHELLA', '1974/09/10', '2019/05/28', NULL, '{"999865670", "993735338"}');
INSERT INTO universidade.funcionario VALUES ('59869847653', 'VIGILANTE', '2430.10', '49100000', 'EDUARDO GOMES', 'RUA C', '90');
INSERT INTO universidade.pessoa VALUES ('02535732653', 'GALILEU', 'SANTOS', '1990/11/17', '2019/02/17', NULL, '{"954637376"}');
INSERT INTO universidade.funcionario VALUES ('02535732653', 'VIGILANTE', '998.75', '49100000', 'ROSA ELZE', 'RUA L', '81');

-- CONTA --
INSERT INTO universidade.conta VALUES ('1', NULL, NULL, NULL, '50');

-- APARTAMENTO --
INSERT INTO universidade.apartamento VALUES ('1'), ('2'), ('3'), ('4'), ('5'), ('6'), ('7'), ('8'), ('9'), ('10');
INSERT INTO universidade.apartamento VALUES ('11'), ('12'), ('13'), ('14'), ('15'), ('16'), ('17'), ('18'), ('19'), ('20');
INSERT INTO universidade.apartamento VALUES ('21'), ('22'), ('23'), ('24'), ('25'), ('26'), ('27'), ('28'), ('29'), ('30');
INSERT INTO universidade.apartamento VALUES ('31'), ('32'), ('33'), ('34'), ('35'), ('36'), ('37'), ('38'), ('39'), ('40');

-- BLOCO --
INSERT INTO universidade.bloco VALUES ('1'), ('2'), ('3'), ('4');

-- CONDOMINIO --
INSERT INTO universidade.condominio VALUES ('1', 'ALPHAVILLE', '49100000', 'ROSA ELZE', 'RUA A', '1000');